"id";"name";"email";"email_verified_at";"password";"role";"remember_token";"created_at";"updated_at"
"99b46cb7-512f-43da-966f-c7160aa4ca35";"Edwardo Mosciski";"jpredovic@example.net";"2023-07-22 04:59:30";"$2y$10$UYKD4dbnH2O0gkrGzcrDI.NZVsvi07PX71KtUhx5bAihw7qzrHwai";"A";"1jluYCKhHooT2zxPf9E7iaHnCFLLfGRdVtnbTbcIhZAbgFH3CfMkUaia7Aol";"2023-07-22 04:59:31";"2023-07-24 04:29:27"
"99b46cb7-58a5-4f62-815a-a018110c40c0";"Jeff Hamill";"bcormier@example.net";"2023-07-22 04:59:30";"$2y$10$yWBqLcSm/ghheaRrUO7JUOVjvb83YepJN2KzzBe12vSEeElqX8c4m";"A";"FiALI4KNAc";"2023-07-22 04:59:31";"2023-07-22 04:59:31"
"99b46cb7-5acd-450c-b73b-9d1c7f0d016d";"Ms. Jayne Rau";"torp.torey@example.com";"2023-07-22 04:59:30";"$2y$10$hfxHEnIiARNQrPbpjKdLauN3F8vC0enUO7qMz7/KAJ51O21AJDbRO";"A";"x6IijCfcVI";"2023-07-22 04:59:31";"2023-07-22 04:59:31"
"99b46cb7-5cde-4795-8471-bfc82632cdcf";"Jarod Gaylord";"portiz@example.net";"2023-07-22 04:59:30";"$2y$10$1TV7qsPHUubLxaA399hKSu4csSn4gV3rSKPsWq3PCeQBbeRj5axFC";"U";"ZarfKOXyfcCzY8bWGo2YPx94w36lM2A5anqrpJoZjcpGtAvFLBYSZ8SsHpzt";"2023-07-22 04:59:31";"2023-07-22 04:59:31"
"99b46cb7-5ec9-4b56-bee7-7f8ba62ca27e";"Lawrence Orn";"liliane.gerhold@example.net";"2023-07-22 04:59:30";"$2y$10$nzit9kHCdsSdb2h6j.9hxe7ZnbARsJDimrJwATKoWb0s9ZPf1Xebi";"U";"vFzdWr9XZ02oAfXLDcy47nSWe03lrGQ9iyC7cz1qxrjo17j4eMy8YX6bkTw2";"2023-07-22 04:59:31";"2023-07-22 04:59:31"
"99b46cb7-60d9-4122-9b52-ba3832b02a04";"Quinton Lynch";"michael92@example.org";"2023-07-22 04:59:30";"$2y$10$wgOwC.BEOLWVGachTz7An.sxsZHo/NI6KTAU8wOCXLSCMDt0CYA86";"A";"csRpyiYQQD";"2023-07-22 04:59:31";"2023-07-22 04:59:31"
"99b46cb7-62c1-4ba9-8df1-3f6a26d5a833";"Maxime Abernathy";"dayton.donnelly@example.net";"2023-07-22 04:59:30";"$2y$10$rVfhVySyJIUdc64avXYtl.J71X/.NW7sgfJg0sbYs.kQpQJmwnKIi";"U";"gBjC52ZDthmsWRyaLFeFz6oKmCGgrYVFGCZDXoN6e3In2q2JQkJBaFQJUdoV";"2023-07-22 04:59:31";"2023-07-22 04:59:31"
"99b46cb7-64dc-4a40-a909-d2d106c14903";"Alphonso Walsh";"mosciski.eusebio@example.net";"2023-07-22 04:59:30";"$2y$10$OQrkTPSgOQv2SvXxZd/2/u9el2Ptj1wOpXbRWFx2lIi25M85vSWzm";"A";"HW4jMzCGsH";"2023-07-22 04:59:31";"2023-07-22 04:59:31"
"99b46cb7-6700-489b-9bb8-0df6e2771e45";"Anahi Fahey";"greenfelder.paxton@example.org";"2023-07-22 04:59:30";"$2y$10$yE1sYdFnd.9P/juKxG4xpukwObMw1NomrIQeKvIGNtIKNO1a7HuHS";"A";"80qP5kG0oM";"2023-07-22 04:59:31";"2023-07-22 04:59:31"
"99b46cb7-695c-46eb-abd1-378a9f103f76";"Bryon Nader I";"ewisozk@example.org";"2023-07-22 04:59:30";"$2y$10$QdxTTfA0YIoUuVwqUyEY.ORwE5I9S9iIMVvgAbls9kijbaVUrcWOC";"A";"uFzSTXzgvo";"2023-07-22 04:59:31";"2023-07-22 04:59:31"
"99b8c16d-9c4b-4cd7-baee-459b6030b943";"Admin";"admin@gmail.com";"2023-07-24 08:39:41";"$2y$10$97GHcJ3bZ/ehUXk9aCliXuLWb4pOjiSL5G8Ouo27tGDGVVO/pJpLi";"A";"SWi5zpXgonbHeyvn2JIB1YBQjJTOEWGkQggWYIt9OaSvPs7bahT4xe5dGsBd";"2023-07-24 08:39:42";"2023-07-24 08:39:42"
"99b8c1d2-6473-4c00-b29a-9db3351d3243";"User";"user@gmail.com";"2023-07-24 08:40:47";"$2y$10$fDv.73uS89dmjAKZvmcyq.gwV6.hnVd9FvBLbj2b3Q01L67PiBHSW";"U";"hkO117nIlYGjBO6b9pXBfIJvb3Lbvg6HdzQCUF3p7aI7BIauP8V5ptDfxb3Q";"2023-07-24 08:40:48";"2023-07-24 08:41:18"
